37,feature_vocab_ngram,ass nigga
59,feature_vocab_ngram,beaner
71,feature_vocab_ngram,bird
74,feature_vocab_ngram,bitch
103,feature_vocab_ngram,bitch shit
130,feature_vocab_ngram,browni
153,feature_vocab_ngram,charli
168,feature_vocab_ngram,complain
171,feature_vocab_ngram,coon
177,feature_vocab_ngram,cracker
236,feature_vocab_ngram,dyke
263,feature_vocab_ngram,fag
264,feature_vocab_ngram,faggot
268,feature_vocab_ngram,fan
300,feature_vocab_ngram,fuck
306,feature_vocab_ngram,fuckin
310,feature_vocab_ngram,fuzzi
315,feature_vocab_ngram,gay
359,feature_vocab_ngram,head
373,feature_vocab_ngram,hoe
413,feature_vocab_ngram,jihadi
417,feature_vocab_ngram,jump
423,feature_vocab_ngram,kill
466,feature_vocab_ngram,lmaooo
492,feature_vocab_ngram,may
499,feature_vocab_ngram,mexican
541,feature_vocab_ngram,nigga bitch
545,feature_vocab_ngram,niggah
547,feature_vocab_ngram,nigger
570,feature_vocab_ngram,oreo
582,feature_vocab_ngram,person
607,feature_vocab_ngram,pussi
614,feature_vocab_ngram,queer
618,feature_vocab_ngram,racist
637,feature_vocab_ngram,retard
669,feature_vocab_ngram,shit like
671,feature_vocab_ngram,shoot
677,feature_vocab_ngram,shut fuck
724,feature_vocab_ngram,stupid
726,feature_vocab_ngram,stupid bitch
780,feature_vocab_ngram,tranni
781,feature_vocab_ngram,trash
842,feature_vocab_ngram,white
844,feature_vocab_ngram,white trash
873,feature_vocab_ngram,yanke
878,feature_vocab_ngram,yellow
1061,feature_vocab_ngram_pos,IN NN NNS
1149,feature_vocab_ngram_pos,JJ NN CC
1205,feature_vocab_ngram_pos,JJ VB PRP
1229,feature_vocab_ngram_pos,JJ VBP VBN
1287,feature_vocab_ngram_pos,NN DT VBZ
1421,feature_vocab_ngram_pos,NN VBG NN
1446,feature_vocab_ngram_pos,NN VBP VBN
1479,feature_vocab_ngram_pos,NNS CC
1522,feature_vocab_ngram_pos,NNS RB JJ
1783,feature_vocab_ngram_pos,RB VBG PRP
1809,feature_vocab_ngram_pos,RBR
1932,feature_vocab_ngram_pos,VB RP PRP
2130,feature_vocab_ngram_pos,VBP NN VBZ
2163,feature_vocab_ngram_pos,VBP RB VBP
2271,feature_vocab_ngram_pos,WP RB
2306,feature_vocab_td_other,FRE
2313,feature_vocab_td_other,vader compound
